timestamp,instance,is_in_recovery,lsn
1786209877,pg-cnpg-1,f,0/2A04BE98
1786209877,pg-cnpg-2,t,0/2A04BE98
1786209877,pg-cnpg-3,t,0/2A04BE98
1786209877,pg-cnpg-1,f,0/2A04BE98
1786209877,pg-cnpg-2,t,0/2A04BE98
1786209877,pg-cnpg-3,t,0/2A04BE98
1786209878,pg-cnpg-1,f,0/2A04BE98
1786209878,pg-cnpg-2,t,0/2A04BE98
1786209878,pg-cnpg-3,t,0/2A04BE98
1786209878,pg-cnpg-1,f,0/2A04BE98
1786209878,pg-cnpg-2,t,0/2A04BE98
1786209878,pg-cnpg-3,t,0/2A04BE98
1786209878,pg-cnpg-1,f,0/2A04C020
1786209878,pg-cnpg-2,t,0/2A04C020
1786209878,pg-cnpg-3,t,0/2A04C020
1786209879,pg-cnpg-1,f,0/2A04C1F8
1786209879,pg-cnpg-2,t,0/2A04C1F8
1786209879,pg-cnpg-3,t,0/2A04C1F8
1786209879,pg-cnpg-1,f,0/2A04C368
1786209879,pg-cnpg-2,t,0/2A04C368
1786209879,pg-cnpg-3,t,0/2A04C368
1786209879,pg-cnpg-1,f,0/2A04C4D8
1786209879,pg-cnpg-2,t,0/2A04C4D8
1786209879,pg-cnpg-3,t,0/2A04C4D8
1786209880,pg-cnpg-1,f,0/2A04C648
1786209880,pg-cnpg-2,t,0/2A04C648
1786209880,pg-cnpg-3,t,0/2A04C648
1786209880,pg-cnpg-1,f,0/2A04C7B8
1786209880,pg-cnpg-2,t,0/2A04C7B8
1786209880,pg-cnpg-3,t,0/2A04C7B8
1786209880,pg-cnpg-1,f,0/2A04C928
1786209880,pg-cnpg-2,t,0/2A04C928
1786209880,pg-cnpg-3,t,0/2A04C928
1786209881,pg-cnpg-1,f,0/2A04CA98
1786209881,pg-cnpg-2,t,0/2A04CA98
1786209881,pg-cnpg-3,t,0/2A04CA98
1786209881,pg-cnpg-1,f,0/2A04CC08
1786209881,pg-cnpg-2,t,0/2A04CC08
1786209881,pg-cnpg-3,t,0/2A04CC08
1786209881,pg-cnpg-1,f,0/2A04CD78
1786209881,pg-cnpg-2,t,0/2A04CD78
1786209881,pg-cnpg-3,t,0/2A04CD78
1786209881,pg-cnpg-1,f,0/2A04CF20
1786209881,pg-cnpg-2,t,0/2A04CF20
1786209881,pg-cnpg-3,t,0/2A04CF20
1786209882,pg-cnpg-1,f,0/2A04CFD8
1786209882,pg-cnpg-2,t,0/2A04D090
1786209882,pg-cnpg-3,t,0/2A04D090
1786209882,pg-cnpg-1,f,0/2A04D148
1786209882,pg-cnpg-2,t,0/2A04D200
1786209882,pg-cnpg-3,t,0/2A04D200
1786209882,pg-cnpg-1,f,0/2A04D2B8
1786209882,pg-cnpg-2,t,0/2A04D370
1786209882,pg-cnpg-3,t,0/2A04D370
1786209883,pg-cnpg-1,f,0/2A04D428
1786209883,pg-cnpg-2,t,0/2A04D4E0
1786209883,pg-cnpg-3,t,0/2A04D4E0
1786209883,pg-cnpg-1,f,0/2A04D650
1786209883,pg-cnpg-2,t,0/2A04D650
1786209883,pg-cnpg-3,t,0/2A04D650
1786209883,pg-cnpg-1,f,0/2A04D7C0
1786209883,pg-cnpg-2,t,0/2A04D7C0
1786209883,pg-cnpg-3,t,0/2A04D7C0
1786209884,pg-cnpg-1,f,0/2A04D998
1786209884,pg-cnpg-2,t,0/2A04D998
1786209884,pg-cnpg-3,t,0/2A04D998
1786209884,pg-cnpg-1,f,0/2A04DB08
1786209884,pg-cnpg-2,t,0/2A04DB08
1786209884,pg-cnpg-3,t,0/2A04DB08
1786209884,pg-cnpg-1,f,0/2A04DC78
1786209884,pg-cnpg-2,t,0/2A04DC78
1786209884,pg-cnpg-3,t,0/2A04DC78
1786209885,pg-cnpg-1,f,0/2A04DDE8
1786209885,pg-cnpg-2,t,0/2A04DDE8
1786209885,pg-cnpg-3,t,0/2A04DDE8
1786209885,pg-cnpg-1,f,0/2A04DEA0
1786209885,pg-cnpg-2,t,0/2A04DF58
1786209885,pg-cnpg-3,t,0/2A04DF58
1786209885,pg-cnpg-1,f,0/2A04E028
1786209885,pg-cnpg-2,t,0/2A04E028
1786209885,pg-cnpg-3,t,0/2A04E0E0
1786209886,pg-cnpg-1,f,0/2A04E198
1786209886,pg-cnpg-2,t,0/2A04E198
1786209886,pg-cnpg-3,t,0/2A04E250
1786209886,pg-cnpg-1,f,0/2A04E308
1786209886,pg-cnpg-2,t,0/2A04E308
1786209886,pg-cnpg-3,t,0/2A04E3C0
1786209886,pg-cnpg-1,f,0/2A04E478
1786209886,pg-cnpg-2,t,0/2A04E530
1786209886,pg-cnpg-3,t,0/2A04E530
1786209886,pg-cnpg-1,f,0/2A04E5E8
1786209886,pg-cnpg-2,t,0/2A04E6A0
1786209886,pg-cnpg-3,t,0/2A04E6A0
1786209887,pg-cnpg-1,f,0/2A04E758
1786209887,pg-cnpg-2,t,0/2A04E810
1786209887,pg-cnpg-3,t,0/2A04E810
1786209887,pg-cnpg-1,f,0/2A04E8C8
1786209887,pg-cnpg-2,t,0/2A04E980
1786209887,pg-cnpg-3,t,0/2A04E980
1786209887,pg-cnpg-1,f,0/2A04EA38
1786209887,pg-cnpg-2,t,0/2A04EAF0
1786209887,pg-cnpg-3,t,0/2A04EAF0
1786209888,pg-cnpg-1,f,0/2A04EBA8
1786209888,pg-cnpg-2,t,0/2A04EC60
1786209888,pg-cnpg-3,t,0/2A04EC60
1786209888,pg-cnpg-1,f,0/2A04EDD0
1786209888,pg-cnpg-2,t,0/2A04EDD0
1786209888,pg-cnpg-3,t,0/2A04EDD0
1786209888,pg-cnpg-1,f,0/2A04EF40
1786209888,pg-cnpg-2,t,0/2A04EF40
1786209888,pg-cnpg-3,t,0/2A04EF40
1786209889,pg-cnpg-1,f,0/2A04F0B0
1786209889,pg-cnpg-2,t,0/2A04F0B0
1786209889,pg-cnpg-3,t,0/2A04F0B0
1786209889,pg-cnpg-1,f,0/2A04F288
1786209889,pg-cnpg-2,t,0/2A04F288
1786209889,pg-cnpg-3,t,0/2A04F288
1786209889,pg-cnpg-1,f,0/2A04F3F8
1786209889,pg-cnpg-2,t,0/2A04F3F8
1786209889,pg-cnpg-3,t,0/2A04F3F8
1786209890,pg-cnpg-1,f,0/2A04F568
1786209890,pg-cnpg-2,t,0/2A04F568
1786209890,pg-cnpg-3,t,0/2A04F568
1786209890,pg-cnpg-1,f,0/2A04F6D8
1786209890,pg-cnpg-2,t,0/2A04F6D8
1786209890,pg-cnpg-3,t,0/2A04F6D8
1786209890,pg-cnpg-1,f,0/2A04F848
1786209890,pg-cnpg-2,t,0/2A04F848
1786209890,pg-cnpg-3,t,0/2A04F900
1786209891,pg-cnpg-1,f,0/2A04F9B8
1786209891,pg-cnpg-2,t,0/2A04F848
1786209891,pg-cnpg-3,t,0/2A04FA70
1786209891,pg-cnpg-1,f,0/2A04FB28
1786209891,pg-cnpg-2,t,0/2A04F848
1786209891,pg-cnpg-3,t,0/2A04FBE0
1786209891,pg-cnpg-1,f,0/2A04FC98
1786209891,pg-cnpg-2,t,0/2A04F848
1786209891,pg-cnpg-3,t,0/2A04FC98
1786209892,pg-cnpg-1,f,0/2A04FD50
1786209892,pg-cnpg-2,t,0/2A04F848
1786209892,pg-cnpg-3,t,0/2A04FC98
1786209892,pg-cnpg-1,f,0/2A04FD50
1786209892,pg-cnpg-2,t,0/2A04F848
1786209892,pg-cnpg-3,t,0/2A04FC98
1786209893,pg-cnpg-1,f,0/2A04FD50
1786209893,pg-cnpg-2,t,0/2A04F848
1786209893,pg-cnpg-3,t,0/2A04FC98
1786209893,pg-cnpg-1,f,0/2A04FD50
1786209893,pg-cnpg-2,t,0/2A04F848
1786209893,pg-cnpg-3,t,0/2A04FC98
1786209893,pg-cnpg-1,f,0/2A04FD50
1786209893,pg-cnpg-2,t,0/2A04F848
1786209893,pg-cnpg-3,t,0/2A04FC98
1786209894,pg-cnpg-1,f,0/2A04FD50
1786209894,pg-cnpg-2,t,0/2A04F848
1786209894,pg-cnpg-3,t,0/2A04FC98
1786209894,pg-cnpg-1,f,0/2A04FE08
1786209894,pg-cnpg-2,t,0/2A04F848
1786209894,pg-cnpg-3,t,0/2A04FC98
1786209894,pg-cnpg-1,f,0/2A04FE08
1786209894,pg-cnpg-2,t,0/2A04F848
1786209894,pg-cnpg-3,t,0/2A04FC98
1786209895,pg-cnpg-1,f,0/2A04FE08
1786209895,pg-cnpg-2,t,0/2A04F848
1786209895,pg-cnpg-3,t,0/2A04FC98
1786209895,pg-cnpg-1,f,0/2A04FE08
1786209895,pg-cnpg-2,t,0/2A04F848
1786209895,pg-cnpg-3,t,0/2A04FC98
1786209895,pg-cnpg-1,f,0/2A04FE08
1786209895,pg-cnpg-2,t,0/2A04F848
1786209895,pg-cnpg-3,t,0/2A04FC98
1786209895,pg-cnpg-1,f,0/2A04FE08
1786209895,pg-cnpg-2,t,0/2A04F848
1786209895,pg-cnpg-3,t,0/2A04FC98
1786209896,pg-cnpg-1,f,0/2A04FEC0
1786209896,pg-cnpg-2,t,0/2A04F848
1786209896,pg-cnpg-3,t,0/2A04FC98
1786209896,pg-cnpg-1,f,0/2A04FEC0
1786209896,pg-cnpg-2,t,0/2A04F848
1786209896,pg-cnpg-3,t,0/2A04FC98
1786209896,pg-cnpg-1,f,0/2A04FEC0
1786209896,pg-cnpg-2,t,0/2A04F848
1786209896,pg-cnpg-3,t,0/2A04FC98
1786209897,pg-cnpg-1,f,0/2A04FEC0
1786209897,pg-cnpg-2,t,0/2A04F848
1786209897,pg-cnpg-3,t,0/2A04FC98
1786209897,pg-cnpg-1,f,0/2A04FEC0
1786209897,pg-cnpg-2,t,0/2A04F848
1786209897,pg-cnpg-3,t,0/2A04FC98
1786209897,pg-cnpg-1,f,0/2A04FEC0
1786209897,pg-cnpg-2,t,0/2A04F848
1786209897,pg-cnpg-3,t,0/2A04FC98
1786209898,pg-cnpg-1,f,0/2A04FEC0
1786209898,pg-cnpg-2,t,0/2A04F848
1786209898,pg-cnpg-3,t,0/2A04FC98
1786209898,pg-cnpg-1,f,0/2A04FF78
1786209898,pg-cnpg-2,t,0/2A04F848
1786209898,pg-cnpg-3,t,0/2A04FC98
1786209898,pg-cnpg-1,f,0/2A04FF78
1786209898,pg-cnpg-2,t,0/2A04F848
1786209898,pg-cnpg-3,t,0/2A04FC98
1786209899,pg-cnpg-1,f,0/2A04FF78
1786209899,pg-cnpg-2,t,0/2A04F848
1786209899,pg-cnpg-3,t,0/2A04FC98
1786209899,pg-cnpg-1,f,0/2A04FF78
1786209899,pg-cnpg-2,t,0/2A04F848
1786209899,pg-cnpg-3,t,0/2A04FC98
1786209899,pg-cnpg-1,f,0/2A04FF78
1786209899,pg-cnpg-2,t,0/2A04F848
1786209899,pg-cnpg-3,t,0/2A04FC98
1786209900,pg-cnpg-1,f,0/2A04FF78
1786209900,pg-cnpg-2,t,0/2A04F848
1786209900,pg-cnpg-3,t,0/2A04FC98
1786209900,pg-cnpg-1,f,0/2A04FF78
1786209900,pg-cnpg-2,t,0/2A04F848
1786209900,pg-cnpg-3,t,0/2A04FC98
1786209900,pg-cnpg-1,f,0/2A050090
1786209900,pg-cnpg-2,t,0/2A04F848
1786209900,pg-cnpg-3,t,0/2A04FC98
1786209900,pg-cnpg-1,f,0/2A050090
1786209900,pg-cnpg-2,t,0/2A04F848
1786209900,pg-cnpg-3,t,0/2A04FC98
1786209901,pg-cnpg-1,f,0/2A050090
1786209901,pg-cnpg-2,t,0/2A04F848
1786209901,pg-cnpg-3,t,0/2A04FC98
1786209901,pg-cnpg-1,f,0/2A050090
1786209901,pg-cnpg-2,t,0/2A04F848
1786209901,pg-cnpg-3,t,0/2A04FC98
1786209901,pg-cnpg-1,f,0/2A050090
1786209901,pg-cnpg-2,t,0/2A04F848
1786209901,pg-cnpg-3,t,0/2A04FC98
1786209902,pg-cnpg-1,f,0/2A050090
1786209902,pg-cnpg-2,t,0/2A04F848
1786209902,pg-cnpg-3,t,0/2A04FC98
1786209902,pg-cnpg-1,f,0/2A050090
1786209902,pg-cnpg-2,t,0/2A04F848
1786209902,pg-cnpg-3,t,0/2A04FC98
1786209902,pg-cnpg-1,f,0/2A050148
1786209902,pg-cnpg-2,t,0/2A04F848
1786209902,pg-cnpg-3,t,0/2A04FC98
1786209903,pg-cnpg-1,f,0/2A050148
1786209903,pg-cnpg-2,t,0/2A04F848
1786209903,pg-cnpg-3,t,0/2A04FC98
1786209903,pg-cnpg-1,f,0/2A050148
1786209903,pg-cnpg-2,t,0/2A04F848
1786209903,pg-cnpg-3,t,0/2A04FC98
1786209903,pg-cnpg-1,f,0/2A050148
1786209903,pg-cnpg-2,t,0/2A04F848
1786209903,pg-cnpg-3,t,0/2A04FC98
1786209904,pg-cnpg-1,f,0/2A050148
1786209904,pg-cnpg-2,t,0/2A04F848
1786209904,pg-cnpg-3,t,0/2A04FC98
1786209904,pg-cnpg-1,f,0/2A050148
1786209904,pg-cnpg-2,t,0/2A04F848
1786209904,pg-cnpg-3,t,0/2A04FC98
1786209904,pg-cnpg-1,f,0/2A050148
1786209904,pg-cnpg-2,t,0/2A04F848
1786209904,pg-cnpg-3,t,0/2A04FC98
1786209904,pg-cnpg-1,f,0/2A050200
1786209904,pg-cnpg-2,t,0/2A04F848
1786209904,pg-cnpg-3,t,0/2A04FC98
1786209905,pg-cnpg-1,f,0/2A050200
1786209905,pg-cnpg-2,t,0/2A04F848
1786209905,pg-cnpg-3,t,0/2A04FC98
1786209905,pg-cnpg-1,f,0/2A050200
1786209905,pg-cnpg-2,t,0/2A04F848
1786209905,pg-cnpg-3,t,0/2A04FC98
1786209905,pg-cnpg-1,f,0/2A050200
1786209905,pg-cnpg-2,t,0/2A04F848
1786209905,pg-cnpg-3,t,0/2A04FC98
1786209906,pg-cnpg-1,f,0/2A050200
1786209906,pg-cnpg-2,t,0/2A04F848
1786209906,pg-cnpg-3,t,0/2A04FC98
1786209906,pg-cnpg-1,f,0/2A050200
1786209906,pg-cnpg-2,t,0/2A04F848
1786209906,pg-cnpg-3,t,0/2A04FC98
1786209906,pg-cnpg-1,f,0/2A0502B8
1786209906,pg-cnpg-2,t,0/2A04F848
1786209906,pg-cnpg-3,t,0/2A04FC98
1786209907,pg-cnpg-1,f,0/2A0502B8
1786209907,pg-cnpg-2,t,0/2A04F848
1786209907,pg-cnpg-3,t,0/2A04FC98
1786209907,pg-cnpg-1,f,0/2A0502B8
1786209907,pg-cnpg-2,t,0/2A04F848
1786209907,pg-cnpg-3,t,0/2A04FC98
1786209907,pg-cnpg-1,f,0/2A0502B8
1786209907,pg-cnpg-2,t,0/2A04F848
1786209907,pg-cnpg-3,t,0/2A04FC98
1786209908,pg-cnpg-1,f,0/2A0502B8
1786209908,pg-cnpg-2,t,0/2A04F848
1786209908,pg-cnpg-3,t,0/2A04FC98
1786209908,pg-cnpg-1,f,0/2A0502B8
1786209908,pg-cnpg-2,t,0/2A04F848
1786209908,pg-cnpg-3,t,0/2A04FC98
1786209908,pg-cnpg-1,f,0/2A0502B8
1786209908,pg-cnpg-2,t,0/2A04F848
1786209908,pg-cnpg-3,t,0/2A04FC98
1786209909,pg-cnpg-1,f,0/2A050370
1786209909,pg-cnpg-2,t,0/2A04F848
1786209909,pg-cnpg-3,t,0/2A04FC98
1786209909,pg-cnpg-1,f,0/2A050370
1786209909,pg-cnpg-2,t,0/2A04F848
1786209909,pg-cnpg-3,t,0/2A04FC98
1786209909,pg-cnpg-1,f,0/2A050370
1786209909,pg-cnpg-2,t,0/2A04F848
1786209909,pg-cnpg-3,t,0/2A04FC98
1786209909,pg-cnpg-1,f,0/2A050370
1786209909,pg-cnpg-2,t,0/2A04F848
1786209909,pg-cnpg-3,t,0/2A04FC98
1786209910,pg-cnpg-1,f,0/2A050370
1786209910,pg-cnpg-2,t,0/2A04F848
1786209910,pg-cnpg-3,t,0/2A04FC98
1786209910,pg-cnpg-1,f,0/2A050370
1786209910,pg-cnpg-2,t,0/2A04F848
1786209910,pg-cnpg-3,t,0/2A04FC98
1786209910,pg-cnpg-1,f,0/2A050370
1786209910,pg-cnpg-2,t,0/2A04F848
1786209910,pg-cnpg-3,t,0/2A04FC98
1786209911,pg-cnpg-1,f,0/2A050428
1786209911,pg-cnpg-2,t,0/2A04F848
1786209911,pg-cnpg-3,t,0/2A04FC98
1786209911,pg-cnpg-1,f,0/2A050428
1786209911,pg-cnpg-2,t,0/2A04F848
1786209911,pg-cnpg-3,t,0/2A04FC98
1786209911,pg-cnpg-1,f,0/2A050428
1786209911,pg-cnpg-2,t,0/2A04F848
1786209911,pg-cnpg-3,t,0/2A04FC98
1786209912,pg-cnpg-1,f,0/2A050428
1786209912,pg-cnpg-2,t,0/2A04F848
1786209912,pg-cnpg-3,t,0/2A04FC98
1786209912,pg-cnpg-1,f,0/2A050428
1786209912,pg-cnpg-2,t,0/2A04F848
1786209912,pg-cnpg-3,t,0/2A04FC98
1786209912,pg-cnpg-1,f,0/2A050428
1786209912,pg-cnpg-2,t,0/2A04F848
1786209912,pg-cnpg-3,t,0/2A04FC98
1786209913,pg-cnpg-1,f,0/2A050428
1786209913,pg-cnpg-2,t,0/2A04F848
1786209913,pg-cnpg-3,t,0/2A04FC98
1786209913,pg-cnpg-1,f,0/2A0504E0
1786209913,pg-cnpg-2,t,0/2A04F848
1786209913,pg-cnpg-3,t,0/2A04FC98
1786209913,pg-cnpg-1,f,0/2A0504E0
1786209913,pg-cnpg-2,t,0/2A04F848
1786209913,pg-cnpg-3,t,0/2A04FC98
1786209914,pg-cnpg-1,f,0/2A0504E0
1786209914,pg-cnpg-2,t,0/2A04F848
1786209914,pg-cnpg-3,t,0/2A04FC98
1786209914,pg-cnpg-1,f,0/2A0504E0
1786209914,pg-cnpg-2,t,0/2A04F848
1786209914,pg-cnpg-3,t,0/2A04FC98
1786209914,pg-cnpg-1,f,0/2A0504E0
1786209914,pg-cnpg-2,t,0/2A04F848
1786209914,pg-cnpg-3,t,0/2A04FC98
1786209915,pg-cnpg-1,f,0/2A0504E0
1786209915,pg-cnpg-2,t,0/2A04F848
1786209915,pg-cnpg-3,t,0/2A04FC98
1786209915,pg-cnpg-1,f,0/2A050598
1786209915,pg-cnpg-2,t,0/2A04F848
1786209915,pg-cnpg-3,t,0/2A04FC98
1786209915,pg-cnpg-1,f,0/2A050598
1786209915,pg-cnpg-2,t,0/2A04F848
1786209915,pg-cnpg-3,t,0/2A04FC98
1786209915,pg-cnpg-1,f,0/2A050598
1786209915,pg-cnpg-2,t,0/2A04F848
1786209915,pg-cnpg-3,t,0/2A04FC98
1786209916,pg-cnpg-1,f,0/2A050598
1786209916,pg-cnpg-2,t,0/2A04F848
1786209916,pg-cnpg-3,t,0/2A04FC98
1786209916,pg-cnpg-1,f,0/2A050598
1786209916,pg-cnpg-2,t,0/2A04F848
1786209916,pg-cnpg-3,t,0/2A04FC98
1786209916,pg-cnpg-1,f,0/2A050598
1786209916,pg-cnpg-2,t,0/2A04F848
1786209916,pg-cnpg-3,t,0/2A04FC98
1786209917,pg-cnpg-1,f,0/2A050598
1786209917,pg-cnpg-2,t,0/2A04F848
1786209917,pg-cnpg-3,t,0/2A04FC98
1786209917,pg-cnpg-1,f,0/2A050650
1786209917,pg-cnpg-2,t,0/2A04F848
1786209917,pg-cnpg-3,t,0/2A04FC98
1786209917,pg-cnpg-1,f,0/2A050650
1786209917,pg-cnpg-2,t,0/2A04F848
1786209917,pg-cnpg-3,t,0/2A04FC98
1786209918,pg-cnpg-1,f,0/2A050650
1786209918,pg-cnpg-2,t,0/2A04F848
1786209918,pg-cnpg-3,t,0/2A04FC98
1786209918,pg-cnpg-1,f,0/2A050650
1786209918,pg-cnpg-2,t,0/2A04F848
1786209918,pg-cnpg-3,t,0/2A04FC98
1786209918,pg-cnpg-1,f,0/2A050650
1786209918,pg-cnpg-2,t,0/2A04F848
1786209918,pg-cnpg-3,t,0/2A04FC98
1786209919,pg-cnpg-1,f,0/2A050650
1786209919,pg-cnpg-2,t,0/2A04F848
1786209919,pg-cnpg-3,t,0/2A04FC98
1786209919,pg-cnpg-1,f,0/2A050650
1786209919,pg-cnpg-2,t,0/2A04F848
1786209919,pg-cnpg-3,t,0/2A04FC98
1786209919,pg-cnpg-1,f,0/2A050708
1786209919,pg-cnpg-2,t,0/2A04F848
1786209919,pg-cnpg-3,t,0/2A04FC98
1786209919,pg-cnpg-1,f,0/2A050708
1786209919,pg-cnpg-2,t,0/2A04F848
1786209919,pg-cnpg-3,t,0/2A04FC98
1786209920,pg-cnpg-1,f,0/2A050708
1786209920,pg-cnpg-2,t,0/2A04F848
1786209920,pg-cnpg-3,t,0/2A04FC98
1786209920,pg-cnpg-1,f,0/2A050708
1786209920,pg-cnpg-2,t,0/2A04F848
1786209920,pg-cnpg-3,t,0/2A04FC98
1786209920,pg-cnpg-1,f,0/2A050708
1786209920,pg-cnpg-2,t,0/2A04F848
1786209920,pg-cnpg-3,t,0/2A04FC98
1786209921,pg-cnpg-1,f,0/2A050778
1786209921,pg-cnpg-2,t,0/2A04F848
1786209921,pg-cnpg-3,t,0/2A04FC98
1786209921,pg-cnpg-1,f,0/2A050778
1786209921,pg-cnpg-2,t,0/2A04F848
1786209921,pg-cnpg-3,t,0/2A04FC98
1786209921,pg-cnpg-1,f,0/2A050830
1786209921,pg-cnpg-2,t,0/2A04F848
1786209921,pg-cnpg-3,t,0/2A04FC98
1786209922,pg-cnpg-1,f,0/2A050830
1786209922,pg-cnpg-2,t,0/2A04F848
1786209922,pg-cnpg-3,t,0/2A04FC98
1786209922,pg-cnpg-1,f,0/2A050830
1786209922,pg-cnpg-2,t,0/2A04F848
1786209922,pg-cnpg-3,t,0/2A04FC98
1786209922,pg-cnpg-1,f,0/2A050830
1786209922,pg-cnpg-2,t,0/2A04F848
1786209922,pg-cnpg-3,t,0/2A04FC98
1786209923,pg-cnpg-1,f,0/2A050830
1786209923,pg-cnpg-2,t,0/2A04F848
1786209923,pg-cnpg-3,t,0/2A04FC98
1786209923,pg-cnpg-1,f,0/2A050830
1786209923,pg-cnpg-2,t,0/2A04F848
1786209923,pg-cnpg-3,t,0/2A04FC98
1786209923,pg-cnpg-1,f,0/2A0508E8
1786209923,pg-cnpg-2,t,0/2A04F848
1786209923,pg-cnpg-3,t,0/2A04FC98
1786209924,pg-cnpg-1,f,0/2A0508E8
1786209924,pg-cnpg-2,t,0/2A04F848
1786209924,pg-cnpg-3,t,0/2A04FC98
1786209924,pg-cnpg-1,f,0/2A0508E8
1786209924,pg-cnpg-2,t,0/2A04F848
1786209924,pg-cnpg-3,t,0/2A04FC98
1786209924,pg-cnpg-1,f,0/2A0508E8
1786209924,pg-cnpg-2,t,0/2A04F848
1786209924,pg-cnpg-3,t,0/2A04FC98
1786209924,pg-cnpg-1,f,0/2A0508E8
1786209924,pg-cnpg-2,t,0/2A04F848
1786209924,pg-cnpg-3,t,0/2A04FC98
1786209925,pg-cnpg-1,f,0/2B000000
1786209925,pg-cnpg-2,t,0/2A04F848
1786209925,pg-cnpg-3,t,0/2A04FC98
1786209925,pg-cnpg-1,f,0/2B000000
1786209925,pg-cnpg-2,t,0/2A04F848
1786209925,pg-cnpg-3,t,0/2A04FC98
1786209925,pg-cnpg-1,f,0/2B002290
1786209925,pg-cnpg-2,t,0/2A04F848
1786209925,pg-cnpg-3,t,0/2A04FC98
1786209926,pg-cnpg-1,f,0/2B002290
1786209926,pg-cnpg-2,t,0/2A04F848
1786209926,pg-cnpg-3,t,0/2A04FC98
1786209926,pg-cnpg-1,f,0/2B002380
1786209926,pg-cnpg-2,t,0/2A04F848
1786209926,pg-cnpg-3,t,0/2A04FC98
1786209926,pg-cnpg-1,f,0/2B002380
1786209926,pg-cnpg-2,t,0/2A04F848
1786209926,pg-cnpg-3,t,0/2A04FC98
1786209927,pg-cnpg-1,f,0/2B002380
1786209927,pg-cnpg-2,t,0/2A04F848
1786209927,pg-cnpg-3,t,0/2A04FC98
1786209927,pg-cnpg-1,f,0/2B002380
1786209927,pg-cnpg-2,t,0/2A04F848
1786209927,pg-cnpg-3,t,0/2A04FC98
1786209927,pg-cnpg-1,f,0/2B002380
1786209927,pg-cnpg-2,t,0/2A04F848
1786209927,pg-cnpg-3,t,0/2A04FC98
1786209928,pg-cnpg-1,f,0/2B002438
1786209928,pg-cnpg-2,t,0/2A04F848
1786209928,pg-cnpg-3,t,0/2A04FC98
1786209928,pg-cnpg-1,f,0/2B002438
1786209928,pg-cnpg-2,t,0/2A04F848
1786209928,pg-cnpg-3,t,0/2A04FC98
1786209928,pg-cnpg-1,f,0/2B002438
1786209928,pg-cnpg-2,t,0/2A04F848
1786209928,pg-cnpg-3,t,0/2A04FC98
1786209929,pg-cnpg-1,f,0/2B002438
1786209929,pg-cnpg-2,t,0/2A04F848
1786209929,pg-cnpg-3,t,0/2A04FC98
1786209929,pg-cnpg-1,f,0/2B002438
1786209929,pg-cnpg-2,t,0/2A04F848
1786209929,pg-cnpg-3,t,0/2A04FC98
1786209929,pg-cnpg-1,f,0/2B002438
1786209929,pg-cnpg-2,t,0/2A04F848
1786209929,pg-cnpg-3,t,0/2A04FC98
1786209929,pg-cnpg-1,f,0/2B002438
1786209929,pg-cnpg-2,t,0/2A04F848
1786209929,pg-cnpg-3,t,0/2A04FC98
1786209930,pg-cnpg-1,f,0/2B0024F0
1786209930,pg-cnpg-2,t,0/2A04F848
1786209930,pg-cnpg-3,t,0/2A04FC98
1786209930,pg-cnpg-1,f,0/2B0024F0
1786209930,pg-cnpg-2,t,0/2A04F848
1786209930,pg-cnpg-3,t,0/2A04FC98
1786209930,pg-cnpg-1,f,0/2B0024F0
1786209930,pg-cnpg-2,t,0/2A04F848
1786209930,pg-cnpg-3,t,0/2A04FC98
1786209931,pg-cnpg-1,f,0/2B0024F0
1786209931,pg-cnpg-2,t,0/2A04F848
1786209931,pg-cnpg-3,t,0/2A04FC98
1786209931,pg-cnpg-1,f,0/2B0024F0
1786209931,pg-cnpg-2,t,0/2A04F848
1786209931,pg-cnpg-3,t,0/2A04FC98
1786209931,pg-cnpg-1,f,0/2B0024F0
1786209931,pg-cnpg-2,t,0/2A04F848
1786209931,pg-cnpg-3,t,0/2A04FC98
1786209932,pg-cnpg-1,f,0/2B0025A8
1786209932,pg-cnpg-2,t,0/2A04F848
1786209932,pg-cnpg-3,t,0/2A04FC98
1786209932,pg-cnpg-1,f,0/2B0025A8
1786209932,pg-cnpg-2,t,0/2A04F848
1786209932,pg-cnpg-3,t,0/2A04FC98
1786209932,pg-cnpg-1,f,0/2B0025A8
1786209932,pg-cnpg-2,t,0/2A04F848
1786209932,pg-cnpg-3,t,0/2A04FC98
1786209933,pg-cnpg-1,f,0/2B0025A8
1786209933,pg-cnpg-2,t,0/2A04F848
1786209933,pg-cnpg-3,t,0/2A04FC98
1786209933,pg-cnpg-1,f,0/2B0025A8
1786209933,pg-cnpg-2,t,0/2A04F848
1786209933,pg-cnpg-3,t,0/2A04FC98
1786209933,pg-cnpg-1,f,0/2B0025A8
1786209933,pg-cnpg-2,t,0/2A04F848
1786209933,pg-cnpg-3,t,0/2A04FC98
1786209933,pg-cnpg-1,f,0/2B0025A8
1786209933,pg-cnpg-2,t,0/2A04F848
1786209933,pg-cnpg-3,t,0/2A04FC98
1786209934,pg-cnpg-1,f,0/2B002660
1786209934,pg-cnpg-2,t,0/2A04F848
1786209934,pg-cnpg-3,t,0/2A04FC98
1786209934,pg-cnpg-1,f,0/2B002660
1786209934,pg-cnpg-2,t,0/2A04F848
1786209934,pg-cnpg-3,t,0/2A04FC98
1786209934,pg-cnpg-1,f,0/2B002660
1786209934,pg-cnpg-2,t,0/2A04F848
1786209934,pg-cnpg-3,t,0/2A04FC98
1786209935,pg-cnpg-1,f,0/2B002660
1786209935,pg-cnpg-2,t,0/2A04F848
1786209935,pg-cnpg-3,t,0/2A04FC98
1786209935,pg-cnpg-1,f,0/2B002660
1786209935,pg-cnpg-2,t,0/2A04F848
1786209935,pg-cnpg-3,t,0/2A04FC98
1786209935,pg-cnpg-1,f,0/2B002660
1786209935,pg-cnpg-2,t,0/2A04F848
1786209935,pg-cnpg-3,t,0/2A04FC98
1786209936,pg-cnpg-1,f,0/2B002660
1786209936,pg-cnpg-2,t,0/2A04F848
1786209936,pg-cnpg-3,t,0/2A04FC98
1786209936,pg-cnpg-1,f,0/2B002718
1786209936,pg-cnpg-2,t,0/2A04F848
1786209936,pg-cnpg-3,t,0/2A04FC98
1786209936,pg-cnpg-1,f,0/2B002718
1786209936,pg-cnpg-2,t,0/2A04F848
1786209936,pg-cnpg-3,t,0/2A04FC98
1786209936,pg-cnpg-1,f,0/2B002718
1786209936,pg-cnpg-2,t,0/2A04F848
1786209936,pg-cnpg-3,t,0/2A04FC98
1786209937,pg-cnpg-1,f,0/2B002718
1786209937,pg-cnpg-2,t,0/2A04F848
1786209937,pg-cnpg-3,t,0/2A04FC98
1786209937,pg-cnpg-1,f,0/2B002718
1786209937,pg-cnpg-2,t,0/2A04F848
1786209937,pg-cnpg-3,t,0/2A04FC98
1786209937,pg-cnpg-1,f,0/2B002718
1786209937,pg-cnpg-2,t,0/2A04F848
1786209937,pg-cnpg-3,t,0/2A04FC98
1786209938,pg-cnpg-1,f,0/2B002718
1786209938,pg-cnpg-2,t,0/2A04F848
1786209938,pg-cnpg-3,t,0/2A04FC98
1786209938,pg-cnpg-1,f,0/2B0027D0
1786209938,pg-cnpg-2,t,0/2A04F848
1786209938,pg-cnpg-3,t,0/2A04FC98
1786209938,pg-cnpg-1,f,0/2B0027D0
1786209938,pg-cnpg-2,t,0/2A04F848
1786209938,pg-cnpg-3,t,0/2A04FC98
1786209939,pg-cnpg-1,f,0/2B0027D0
1786209939,pg-cnpg-2,t,0/2A04F848
1786209939,pg-cnpg-3,t,0/2A04FC98
1786209939,pg-cnpg-1,f,0/2B0027D0
1786209939,pg-cnpg-2,t,0/2A04F848
1786209939,pg-cnpg-3,t,0/2A04FC98
1786209939,pg-cnpg-1,f,0/2B0027D0
1786209939,pg-cnpg-2,t,0/2A04F848
1786209939,pg-cnpg-3,t,0/2A04FC98
1786209940,pg-cnpg-1,f,0/2B0027D0
1786209940,pg-cnpg-2,t,0/2A04F848
1786209940,pg-cnpg-3,t,0/2A04FC98
1786209940,pg-cnpg-1,f,0/2B0027D0
1786209940,pg-cnpg-2,t,0/2A04F848
1786209940,pg-cnpg-3,t,0/2A04FC98
1786209940,pg-cnpg-1,f,0/2B002888
1786209940,pg-cnpg-2,t,0/2A04F848
1786209940,pg-cnpg-3,t,0/2A04FC98
1786209940,pg-cnpg-1,f,0/2B002888
1786209940,pg-cnpg-2,t,0/2A04F848
1786209940,pg-cnpg-3,t,0/2A04FC98
1786209941,pg-cnpg-1,f,0/2B002888
1786209941,pg-cnpg-2,t,0/2A04F848
1786209941,pg-cnpg-3,t,0/2A04FC98
1786209941,pg-cnpg-1,f,0/2B002920
1786209941,pg-cnpg-2,t,0/2A04F848
1786209941,pg-cnpg-3,t,0/2A04FC98
1786209941,pg-cnpg-1,f,0/2B002920
1786209941,pg-cnpg-2,t,0/2A04F848
1786209941,pg-cnpg-3,t,0/2A04FC98
1786209942,pg-cnpg-1,f,0/2B002920
1786209942,pg-cnpg-2,t,0/2A04F848
1786209942,pg-cnpg-3,t,0/2A04FC98
1786209942,pg-cnpg-1,f,0/2B002920
1786209942,pg-cnpg-2,t,0/2A04F848
1786209942,pg-cnpg-3,t,0/2A04FC98
1786209942,pg-cnpg-1,f,0/2B0029D8
1786209942,pg-cnpg-2,t,0/2A04F848
1786209942,pg-cnpg-3,t,0/2A04FC98
1786209943,pg-cnpg-1,f,0/2B0029D8
1786209943,pg-cnpg-2,t,0/2A04F848
1786209943,pg-cnpg-3,t,0/2A04FC98
1786209943,pg-cnpg-1,f,0/2B0029D8
1786209943,pg-cnpg-2,t,0/2A04F848
1786209943,pg-cnpg-3,t,0/2A04FC98
1786209943,pg-cnpg-1,f,0/2B0029D8
1786209943,pg-cnpg-2,t,0/2A04F848
1786209943,pg-cnpg-3,t,0/2A04FC98
1786209944,pg-cnpg-1,f,0/2B0029D8
1786209944,pg-cnpg-2,t,0/2A04F848
1786209944,pg-cnpg-3,t,0/2A04FC98
1786209944,pg-cnpg-1,f,0/2B0029D8
1786209944,pg-cnpg-2,t,0/2A04F848
1786209944,pg-cnpg-3,t,0/2A04FC98
1786209944,pg-cnpg-1,f,0/2B002A90
1786209944,pg-cnpg-2,t,0/2A04F848
1786209944,pg-cnpg-3,t,0/2A04FC98
1786209945,pg-cnpg-1,f,0/2B002A90
1786209945,pg-cnpg-2,t,0/2A04F848
1786209945,pg-cnpg-3,t,0/2A04FC98
1786209945,pg-cnpg-1,f,0/2B002A90
1786209945,pg-cnpg-2,t,0/2A04F848
1786209945,pg-cnpg-3,t,0/2A04FC98
1786209945,pg-cnpg-1,f,0/2B002A90
1786209945,pg-cnpg-2,t,0/2A04F848
1786209945,pg-cnpg-3,t,0/2A04FC98
1786209946,pg-cnpg-1,f,0/2B002A90
1786209946,pg-cnpg-2,t,0/2A04F848
1786209946,pg-cnpg-3,t,0/2A04FC98
1786209946,pg-cnpg-1,f,0/2B002A90
1786209946,pg-cnpg-2,t,0/2A04F848
1786209946,pg-cnpg-3,t,0/2A04FC98
1786209946,pg-cnpg-1,f,0/2B002B48
1786209946,pg-cnpg-2,t,0/2A04F848
1786209946,pg-cnpg-3,t,0/2A04FC98
1786209947,pg-cnpg-1,f,0/2B002B48
1786209947,pg-cnpg-2,t,0/2A04F848
1786209947,pg-cnpg-3,t,0/2A04FC98
1786209947,pg-cnpg-1,f,0/2B002B48
1786209947,pg-cnpg-2,t,0/2A04F848
1786209947,pg-cnpg-3,t,0/2A04FC98
1786209947,pg-cnpg-1,f,0/2B002B48
1786209947,pg-cnpg-2,t,0/2A04F848
1786209947,pg-cnpg-3,t,0/2A04FC98
1786209948,pg-cnpg-1,f,0/2B002B48
1786209948,pg-cnpg-2,t,0/2A04F848
1786209948,pg-cnpg-3,t,0/2A04FC98
1786209948,pg-cnpg-1,f,0/2B002B48
1786209948,pg-cnpg-2,t,0/2A04F848
1786209948,pg-cnpg-3,t,0/2A04FC98
1786209948,pg-cnpg-1,f,0/2B002B48
1786209948,pg-cnpg-2,t,0/2A04F848
1786209948,pg-cnpg-3,t,0/2A04FC98
1786209949,pg-cnpg-1,f,0/2B002C00
1786209949,pg-cnpg-2,t,0/2A04F848
1786209949,pg-cnpg-3,t,0/2A04FC98
1786209949,pg-cnpg-1,f,0/2B002C00
1786209949,pg-cnpg-2,t,0/2A04F848
1786209949,pg-cnpg-3,t,0/2A04FC98
1786209949,pg-cnpg-1,f,0/2B002C00
1786209949,pg-cnpg-2,t,0/2A04F848
1786209949,pg-cnpg-3,t,0/2A04FC98
1786209950,pg-cnpg-1,f,0/2B002C00
1786209950,pg-cnpg-2,t,0/2A04F848
1786209950,pg-cnpg-3,t,0/2A04FC98
1786209950,pg-cnpg-1,f,0/2B002C00
1786209950,pg-cnpg-2,t,0/2A04F848
1786209950,pg-cnpg-3,t,0/2A04FC98
1786209950,pg-cnpg-1,f,0/2B002C00
1786209950,pg-cnpg-2,t,0/2A04F848
1786209950,pg-cnpg-3,t,0/2A04FC98
1786209950,pg-cnpg-1,f,0/2B002C00
1786209950,pg-cnpg-2,t,0/2A04F848
1786209950,pg-cnpg-3,t,0/2A04FC98
1786209951,pg-cnpg-1,f,0/2B002CB8
1786209951,pg-cnpg-2,t,0/2A04F848
1786209951,pg-cnpg-3,t,0/2A04FC98
1786209951,pg-cnpg-1,f,0/2B002CB8
1786209951,pg-cnpg-2,t,0/2A04F848
1786209951,pg-cnpg-3,t,0/2A04FC98
1786209951,pg-cnpg-1,f,0/2B002CB8
1786209951,pg-cnpg-2,t,0/2A04F848
1786209951,pg-cnpg-3,t,0/2A04FC98
1786209952,pg-cnpg-1,f,0/2B002CB8
1786209952,pg-cnpg-2,t,0/2A04F848
1786209952,pg-cnpg-3,t,0/2A04FC98
1786209952,pg-cnpg-1,f,0/2B002CB8
1786209952,pg-cnpg-2,t,0/2A04F848
1786209952,pg-cnpg-3,t,0/2A04FC98
1786209952,pg-cnpg-1,f,0/2B002CB8
1786209952,pg-cnpg-2,t,0/2A04F848
1786209952,pg-cnpg-3,t,0/2A04FC98
1786209953,pg-cnpg-1,f,0/2B002D70
1786209953,pg-cnpg-2,t,0/2A04F848
1786209953,pg-cnpg-3,t,0/2A04FC98
1786209953,pg-cnpg-1,f,0/2B002D70
1786209953,pg-cnpg-2,t,0/2B000000
1786209953,pg-cnpg-3,t,0/2A04FC98
1786209953,pg-cnpg-1,f,0/2B002E28
1786209953,pg-cnpg-2,t,0/2B002E28
1786209953,pg-cnpg-3,t,0/2A04FC98
1786209954,pg-cnpg-1,f,0/2B002F98
1786209954,pg-cnpg-2,t,0/2B002F98
1786209954,pg-cnpg-3,t,0/2A04FC98
1786209954,pg-cnpg-1,f,0/2B003108
1786209954,pg-cnpg-2,t,0/2B003108
1786209954,pg-cnpg-3,t,0/2B000000
1786209955,pg-cnpg-1,f,0/2B003278
1786209955,pg-cnpg-2,t,0/2B003278
1786209955,pg-cnpg-3,t,0/2B003278
1786209955,pg-cnpg-1,f,0/2B0033E8
1786209955,pg-cnpg-2,t,0/2B0033E8
1786209955,pg-cnpg-3,t,0/2B0033E8
1786209955,pg-cnpg-1,f,0/2B0034A0
1786209955,pg-cnpg-2,t,0/2B003558
1786209955,pg-cnpg-3,t,0/2B003558
1786209955,pg-cnpg-1,f,0/2B003610
1786209955,pg-cnpg-2,t,0/2B0036C8
1786209955,pg-cnpg-3,t,0/2B0036C8
1786209956,pg-cnpg-1,f,0/2B003780
1786209956,pg-cnpg-2,t,0/2B003838
1786209956,pg-cnpg-3,t,0/2B003838
1786209956,pg-cnpg-1,f,0/2B0038F0
1786209956,pg-cnpg-2,t,0/2B0039A8
1786209956,pg-cnpg-3,t,0/2B0039A8
1786209956,pg-cnpg-1,f,0/2B003A60
1786209956,pg-cnpg-2,t,0/2B003B18
1786209956,pg-cnpg-3,t,0/2B003B18
1786209957,pg-cnpg-1,f,0/2B003C38
1786209957,pg-cnpg-2,t,0/2B003CF0
1786209957,pg-cnpg-3,t,0/2B003CF0
1786209957,pg-cnpg-1,f,0/2B003E60
1786209957,pg-cnpg-2,t,0/2B003E60
1786209957,pg-cnpg-3,t,0/2B003E60
1786209957,pg-cnpg-1,f,0/2B003F18
1786209957,pg-cnpg-2,t,0/2B003FD0
1786209957,pg-cnpg-3,t,0/2B003FD0
1786209958,pg-cnpg-1,f,0/2B004158
1786209958,pg-cnpg-2,t,0/2B004158
1786209958,pg-cnpg-3,t,0/2B004158
1786209958,pg-cnpg-1,f,0/2B004210
1786209958,pg-cnpg-2,t,0/2B0042C8
1786209958,pg-cnpg-3,t,0/2B0042C8
1786209958,pg-cnpg-1,f,0/2B004380
1786209958,pg-cnpg-2,t,0/2B004438
1786209958,pg-cnpg-3,t,0/2B004438
1786209959,pg-cnpg-1,f,0/2B0045A8
1786209959,pg-cnpg-2,t,0/2B0045A8
1786209959,pg-cnpg-3,t,0/2B0045A8
1786209959,pg-cnpg-1,f,0/2B004660
1786209959,pg-cnpg-2,t,0/2B004718
1786209959,pg-cnpg-3,t,0/2B004718
1786209959,pg-cnpg-1,f,0/2B0047D0
1786209959,pg-cnpg-2,t,0/2B004EC8
1786209959,pg-cnpg-3,t,0/2B004EC8
1786209959,pg-cnpg-1,f,0/2B004F80
1786209959,pg-cnpg-2,t,0/2B005038
1786209959,pg-cnpg-3,t,0/2B005038
1786209960,pg-cnpg-1,f,0/2B0050F0
1786209960,pg-cnpg-2,t,0/2B0051A8
1786209960,pg-cnpg-3,t,0/2B0051A8
1786209960,pg-cnpg-1,f,0/2B005260
1786209960,pg-cnpg-2,t,0/2B005318
1786209960,pg-cnpg-3,t,0/2B005318
1786209960,pg-cnpg-1,f,0/2B0053D0
1786209960,pg-cnpg-2,t,0/2B0053D0
1786209960,pg-cnpg-3,t,0/2B005488
1786209961,pg-cnpg-1,f,0/2B005540
1786209961,pg-cnpg-2,t,0/2B0055F8
1786209961,pg-cnpg-3,t,0/2B0055F8
1786209961,pg-cnpg-1,f,0/2B0056B0
1786209961,pg-cnpg-2,t,0/2B005768
1786209961,pg-cnpg-3,t,0/2B005768
1786209961,pg-cnpg-1,f,0/2B005820
1786209961,pg-cnpg-2,t,0/2B0058D8
1786209961,pg-cnpg-3,t,0/2B0058D8
1786209962,pg-cnpg-1,f,0/2B005990
1786209962,pg-cnpg-2,t,0/2B005AB0
1786209962,pg-cnpg-3,t,0/2B005AB0
1786209962,pg-cnpg-1,f,0/2B005B68
1786209962,pg-cnpg-2,t,0/2B005C20
1786209962,pg-cnpg-3,t,0/2B005C20
1786209962,pg-cnpg-1,f,0/2B005CD8
1786209962,pg-cnpg-2,t,0/2B005CD8
1786209962,pg-cnpg-3,t,0/2B005D90
1786209963,pg-cnpg-1,f,0/2B005E48
1786209963,pg-cnpg-2,t,0/2B005E48
1786209963,pg-cnpg-3,t,0/2B005F00
1786209963,pg-cnpg-1,f,0/2B005FB8
1786209963,pg-cnpg-2,t,0/2B005FB8
1786209963,pg-cnpg-3,t,0/2B006088
1786209963,pg-cnpg-1,f,0/2B006140
1786209963,pg-cnpg-2,t,0/2B0061F8
1786209963,pg-cnpg-3,t,0/2B0061F8
1786209963,pg-cnpg-1,f,0/2B0062B0
1786209963,pg-cnpg-2,t,0/2B006368
1786209963,pg-cnpg-3,t,0/2B006368
1786209964,pg-cnpg-1,f,0/2B006420
1786209964,pg-cnpg-2,t,0/2B0064D8
1786209964,pg-cnpg-3,t,0/2B0064D8
1786209964,pg-cnpg-1,f,0/2B006590
1786209964,pg-cnpg-2,t,0/2B006648
1786209964,pg-cnpg-3,t,0/2B006648
1786209964,pg-cnpg-1,f,0/2B006700
1786209964,pg-cnpg-2,t,0/2B0067B8
1786209964,pg-cnpg-3,t,0/2B0067B8
1786209965,pg-cnpg-1,f,0/2B006870
1786209965,pg-cnpg-2,t,0/2B006928
1786209965,pg-cnpg-3,t,0/2B006928
1786209965,pg-cnpg-1,f,0/2B0069E0
1786209965,pg-cnpg-2,t,0/2B006A98
1786209965,pg-cnpg-3,t,0/2B006A98
1786209965,pg-cnpg-1,f,0/2B006B50
1786209965,pg-cnpg-2,t,0/2B006C08
1786209965,pg-cnpg-3,t,0/2B006C08
1786209966,pg-cnpg-1,f,0/2B006D78
1786209966,pg-cnpg-2,t,0/2B006D78
1786209966,pg-cnpg-3,t,0/2B006D78
1786209966,pg-cnpg-1,f,0/2B006EE8
1786209966,pg-cnpg-2,t,0/2B006EE8
1786209966,pg-cnpg-3,t,0/2B006EE8
1786209966,pg-cnpg-1,f,0/2B007058
1786209966,pg-cnpg-2,t,0/2B007058
1786209966,pg-cnpg-3,t,0/2B007058
1786209967,pg-cnpg-1,f,0/2B0071C8
1786209967,pg-cnpg-2,t,0/2B0071C8
1786209967,pg-cnpg-3,t,0/2B0071C8
1786209967,pg-cnpg-1,f,0/2B0073A0
1786209967,pg-cnpg-2,t,0/2B0073A0
1786209967,pg-cnpg-3,t,0/2B0073A0
1786209967,pg-cnpg-1,f,0/2B007510
1786209967,pg-cnpg-2,t,0/2B007510
1786209967,pg-cnpg-3,t,0/2B007510
1786209967,pg-cnpg-1,f,0/2B007680
1786209967,pg-cnpg-2,t,0/2B007680
1786209967,pg-cnpg-3,t,0/2B007680
1786209968,pg-cnpg-1,f,0/2B0077F0
1786209968,pg-cnpg-2,t,0/2B0077F0
1786209968,pg-cnpg-3,t,0/2B0077F0
1786209968,pg-cnpg-1,f,0/2B007960
1786209968,pg-cnpg-2,t,0/2B007960
1786209968,pg-cnpg-3,t,0/2B007960
1786209968,pg-cnpg-1,f,0/2B007A18
1786209968,pg-cnpg-2,t,0/2B007AD0
1786209968,pg-cnpg-3,t,0/2B007AD0
1786209969,pg-cnpg-1,f,0/2B007B88
1786209969,pg-cnpg-2,t,0/2B007B88
1786209969,pg-cnpg-3,t,0/2B007C40
1786209969,pg-cnpg-1,f,0/2B007CF8
1786209969,pg-cnpg-2,t,0/2B007DB0
1786209969,pg-cnpg-3,t,0/2B007DB0
1786209969,pg-cnpg-1,f,0/2B007E68
1786209969,pg-cnpg-2,t,0/2B007F20
1786209969,pg-cnpg-3,t,0/2B007F20
1786209970,pg-cnpg-1,f,0/2B007FD8
1786209970,pg-cnpg-2,t,0/2B0080A8
1786209970,pg-cnpg-3,t,0/2B0080A8
1786209970,pg-cnpg-1,f,0/2B008160
1786209970,pg-cnpg-2,t,0/2B008218
1786209970,pg-cnpg-3,t,0/2B008218
1786209970,pg-cnpg-1,f,0/2B0082D0
1786209970,pg-cnpg-2,t,0/2B008388
1786209970,pg-cnpg-3,t,0/2B008388
1786209971,pg-cnpg-1,f,0/2B008440
1786209971,pg-cnpg-2,t,0/2B0084F8
1786209971,pg-cnpg-3,t,0/2B0084F8
1786209971,pg-cnpg-1,f,0/2B0085B0
1786209971,pg-cnpg-2,t,0/2B008668
1786209971,pg-cnpg-3,t,0/2B008668
1786209971,pg-cnpg-1,f,0/2B008720
1786209971,pg-cnpg-2,t,0/2B0087D8
1786209971,pg-cnpg-3,t,0/2B0087D8
1786209971,pg-cnpg-1,f,0/2B008948
1786209971,pg-cnpg-2,t,0/2B008948
1786209971,pg-cnpg-3,t,0/2B008948
1786209972,pg-cnpg-1,f,0/2B008B20
1786209972,pg-cnpg-2,t,0/2B008B20
1786209972,pg-cnpg-3,t,0/2B008B20
1786209972,pg-cnpg-1,f,0/2B008C90
1786209972,pg-cnpg-2,t,0/2B008C90
1786209972,pg-cnpg-3,t,0/2B008C90
1786209972,pg-cnpg-1,f,0/2B008E00
1786209972,pg-cnpg-2,t,0/2B008E00
1786209972,pg-cnpg-3,t,0/2B008E00
1786209973,pg-cnpg-1,f,0/2B008F70
1786209973,pg-cnpg-2,t,0/2B008F70
1786209973,pg-cnpg-3,t,0/2B008F70
1786209973,pg-cnpg-1,f,0/2B0090E0
1786209973,pg-cnpg-2,t,0/2B0090E0
1786209973,pg-cnpg-3,t,0/2B0090E0
1786209973,pg-cnpg-1,f,0/2B009250
1786209973,pg-cnpg-2,t,0/2B009250
1786209973,pg-cnpg-3,t,0/2B009308
1786209974,pg-cnpg-1,f,0/2B0093C0
1786209974,pg-cnpg-2,t,0/2B009478
1786209974,pg-cnpg-3,t,0/2B009478
1786209974,pg-cnpg-1,f,0/2B009530
1786209974,pg-cnpg-2,t,0/2B009530
1786209974,pg-cnpg-3,t,0/2B009530
1786209974,pg-cnpg-1,f,0/2B009530
