t_start,t_end,status
1786209669,1786209669,ok
1786209669,1786209669,ok
1786209669,1786209669,ok
1786209669,1786209669,ok
1786209669,1786209669,ok
1786209670,1786209670,ok
1786209670,1786209670,ok
1786209670,1786209670,ok
1786209670,1786209670,ok
1786209670,1786209670,ok
1786209670,1786209670,ok
1786209671,1786209671,ok
1786209671,1786209671,ok
1786209671,1786209671,ok
1786209671,1786209671,ok
1786209671,1786209671,ok
1786209671,1786209671,ok
1786209672,1786209672,ok
1786209672,1786209672,ok
1786209672,1786209672,ok
1786209672,1786209672,ok
1786209672,1786209672,ok
1786209672,1786209672,ok
1786209673,1786209673,ok
1786209673,1786209673,ok
1786209673,1786209673,ok
1786209673,1786209673,ok
1786209673,1786209673,ok
1786209673,1786209673,ok
1786209674,1786209674,ok
1786209674,1786209674,ok
1786209674,1786209674,ok
1786209674,1786209674,ok
1786209674,1786209674,ok
1786209674,1786209674,ok
1786209674,1786209674,ok
1786209675,1786209675,ok
1786209675,1786209675,ok
1786209675,1786209675,ok
1786209675,1786209675,ok
1786209675,1786209675,ok
1786209675,1786209675,ok
1786209676,1786209676,ok
1786209676,1786209676,ok
1786209676,1786209676,ok
1786209676,1786209676,ok
1786209676,1786209676,ok
1786209676,1786209676,ok
1786209676,1786209676,ok
1786209677,1786209677,ok
1786209677,1786209677,ok
1786209677,1786209677,ok
1786209677,1786209677,ok
1786209677,1786209677,ok
1786209677,1786209677,ok
1786209678,1786209678,ok
1786209678,1786209678,ok
1786209678,1786209678,ok
1786209678,1786209678,ok
1786209678,1786209678,ok
1786209678,1786209678,ok
1786209678,1786209679,ok
1786209679,1786209679,ok
1786209679,1786209679,ok
1786209679,1786209679,ok
1786209679,1786209679,ok
1786209679,1786209679,ok
1786209679,1786209679,ok
1786209680,1786209680,ok
1786209680,1786209680,ok
1786209680,1786209680,ok
1786209680,1786209680,ok
1786209680,1786209680,ok
1786209680,1786209680,ok
1786209680,1786209680,ok
1786209681,1786209681,ok
1786209681,1786209681,ok
1786209681,1786209681,ok
1786209681,1786209681,ok
1786209681,1786209681,ok
1786209681,1786209682,ok
1786209682,1786209682,ok
1786209682,1786209682,ok
1786209682,1786209682,ok
1786209682,1786209682,ok
1786209682,1786209682,ok
1786209682,1786209682,ok
1786209683,1786209683,ok
1786209683,1786209683,ok
1786209683,1786209683,ok
1786209683,1786209683,ok
1786209683,1786209683,ok
1786209683,1786209683,ok
1786209684,1786209684,ok
1786209684,1786209684,ok
1786209684,1786209684,ok
1786209684,1786209684,ok
1786209684,1786209684,ok
1786209684,1786209684,ok
1786209684,1786209685,ok
1786209685,1786209685,ok
1786209685,1786209685,ok
1786209685,1786209685,ok
1786209685,1786209685,ok
1786209685,1786209685,ok
1786209685,1786209685,ok
1786209686,1786209686,ok
1786209686,1786209686,ok
1786209686,1786209686,ok
1786209686,1786209686,ok
1786209686,1786209686,ok
1786209686,1786209686,ok
1786209687,1786209687,ok
1786209687,1786209687,ok
1786209687,1786209687,ok
1786209687,1786209687,ok
1786209687,1786209687,ok
1786209687,1786209687,ok
1786209687,1786209687,ok
1786209688,1786209688,ok
1786209688,1786209688,ok
1786209688,1786209688,ok
1786209688,1786209688,ok
1786209688,1786209688,ok
1786209688,1786209688,ok
1786209689,1786209689,ok
1786209689,1786209689,ok
1786209689,1786209689,ok
1786209689,1786209689,ok
1786209689,1786209689,ok
1786209689,1786209689,ok
1786209689,1786209690,ok
1786209690,1786209690,ok
1786209690,1786209690,ok
1786209690,1786209690,ok
1786209690,1786209690,ok
1786209690,1786209690,ok
1786209690,1786209690,ok
1786209691,1786209691,ok
1786209691,1786209691,ok
1786209691,1786209691,ok
1786209691,1786209691,ok
1786209691,1786209691,ok
1786209691,1786209691,ok
1786209692,1786209692,ok
1786209692,1786209692,ok
1786209692,1786209692,ok
1786209692,1786209692,ok
1786209692,1786209692,ok
1786209692,1786209692,ok
1786209693,1786209693,ok
1786209693,1786209693,ok
1786209693,1786209693,ok
1786209693,1786209693,ok
1786209693,1786209693,ok
1786209693,1786209693,ok
1786209694,1786209694,ok
1786209694,1786209694,ok
1786209694,1786209694,ok
1786209694,1786209694,ok
1786209694,1786209694,ok
1786209695,1786209695,ok
1786209695,1786209695,ok
1786209695,1786209695,ok
1786209695,1786209695,ok
1786209695,1786209695,ok
1786209695,1786209695,ok
1786209696,1786209696,ok
1786209696,1786209696,ok
1786209696,1786209696,ok
1786209696,1786209696,ok
1786209696,1786209696,ok
1786209696,1786209696,ok
1786209697,1786209697,ok
1786209697,1786209697,ok
1786209697,1786209697,ok
1786209697,1786209697,ok
1786209697,1786209697,ok
1786209697,1786209697,ok
1786209697,1786209698,ok
1786209698,1786209698,ok
1786209698,1786209698,ok
1786209698,1786209698,ok
1786209698,1786209698,ok
1786209698,1786209698,ok
1786209698,1786209698,ok
1786209699,1786209699,ok
1786209699,1786209699,ok
1786209699,1786209699,ok
1786209699,1786209699,ok
1786209699,1786209699,ok
1786209699,1786209699,ok
1786209699,1786209699,ok
1786209700,1786209700,ok
1786209700,1786209700,ok
1786209700,1786209700,ok
1786209700,1786209700,ok
1786209700,1786209700,ok
1786209700,1786209700,ok
1786209701,1786209701,ok
1786209701,1786209701,ok
1786209701,1786209701,ok
1786209701,1786209701,ok
1786209701,1786209701,ok
1786209701,1786209701,ok
1786209701,1786209702,ok
1786209702,1786209702,ok
1786209702,1786209702,ok
1786209702,1786209702,ok
1786209702,1786209702,ok
1786209702,1786209702,ok
1786209702,1786209703,ok
1786209703,1786209703,ok
1786209703,1786209703,ok
1786209703,1786209703,ok
1786209703,1786209703,ok
1786209703,1786209703,ok
1786209703,1786209703,ok
1786209704,1786209704,ok
1786209704,1786209704,ok
1786209704,1786209704,ok
1786209704,1786209704,ok
1786209704,1786209704,ok
1786209704,1786209704,ok
1786209704,1786209705,ok
1786209705,1786209705,ok
1786209705,1786209705,ok
1786209705,1786209705,ok
1786209705,1786209705,ok
1786209705,1786209705,ok
1786209705,1786209705,ok
1786209706,1786209706,ok
1786209706,1786209706,ok
1786209706,1786209706,ok
1786209706,1786209706,ok
1786209706,1786209706,ok
1786209706,1786209706,ok
1786209707,1786209707,ok
1786209707,1786209707,ok
1786209707,1786209707,ok
1786209707,1786209707,ok
1786209707,1786209707,ok
1786209707,1786209707,ok
1786209707,1786209707,ok
1786209708,1786209708,ok
1786209708,1786209708,ok
1786209708,1786209708,ok
1786209708,1786209708,ok
1786209708,1786209708,ok
1786209708,1786209708,ok
1786209708,1786209709,ok
1786209709,1786209709,ok
1786209709,1786209709,ok
1786209709,1786209709,ok
1786209709,1786209709,ok
1786209710,1786209710,ok
1786209710,1786209710,ok
1786209710,1786209710,ok
1786209710,1786209710,ok
1786209710,1786209710,ok
1786209710,1786209711,ok
1786209711,1786209711,ok
1786209711,1786209711,ok
1786209711,1786209711,ok
1786209711,1786209711,ok
1786209711,1786209711,ok
1786209711,1786209711,ok
1786209712,1786209712,ok
1786209712,1786209712,ok
1786209712,1786209712,ok
1786209712,1786209712,ok
1786209712,1786209712,ok
1786209712,1786209712,ok
1786209713,1786209713,ok
1786209713,1786209713,ok
1786209713,1786209713,ok
1786209713,1786209713,ok
1786209713,1786209713,ok
1786209713,1786209713,ok
1786209713,1786209714,ok
1786209714,1786209714,ok
1786209714,1786209714,ok
1786209714,1786209714,ok
1786209714,1786209714,ok
1786209714,1786209714,ok
1786209714,1786209714,ok
1786209715,1786209715,ok
1786209715,1786209715,ok
1786209715,1786209715,ok
1786209715,1786209715,ok
1786209715,1786209715,ok
1786209715,1786209715,ok
1786209715,1786209715,ok
1786209715,1786209716,ok
1786209716,1786209716,ok
1786209716,1786209716,ok
1786209716,1786209716,ok
1786209716,1786209716,ok
1786209716,1786209716,ok
1786209716,1786209716,ok
1786209717,1786209717,ok
1786209717,1786209717,ok
1786209717,1786209717,ok
1786209717,1786209717,ok
1786209717,1786209717,ok
1786209717,1786209717,ok
1786209717,1786209717,ok
1786209718,1786209718,ok
1786209718,1786209718,ok
1786209718,1786209718,ok
1786209718,1786209718,ok
1786209718,1786209718,ok
1786209718,1786209718,ok
1786209718,1786209719,ok
1786209719,1786209719,ok
1786209719,1786209719,ok
1786209719,1786209719,ok
1786209719,1786209719,ok
1786209719,1786209719,ok
1786209719,1786209719,ok
1786209720,1786209720,ok
1786209720,1786209720,ok
1786209720,1786209720,ok
1786209720,1786209720,ok
1786209720,1786209720,ok
1786209720,1786209720,ok
1786209721,1786209721,ok
1786209721,1786209721,ok
1786209721,1786209721,ok
1786209721,1786209721,ok
1786209721,1786209721,ok
1786209721,1786209721,ok
1786209722,1786209722,ok
1786209722,1786209722,ok
1786209722,1786209722,ok
1786209722,1786209722,ok
1786209722,1786209722,ok
1786209722,1786209722,ok
1786209722,1786209723,ok
1786209723,1786209723,ok
1786209723,1786209723,ok
1786209723,1786209723,ok
1786209723,1786209723,ok
1786209723,1786209723,ok
1786209723,1786209724,ok
1786209724,1786209724,ok
1786209724,1786209724,ok
1786209724,1786209724,ok
1786209724,1786209724,ok
1786209724,1786209724,ok
1786209724,1786209725,ok
1786209725,1786209725,ok
1786209725,1786209725,ok
1786209725,1786209725,ok
1786209725,1786209725,ok
1786209725,1786209725,ok
1786209725,1786209725,ok
1786209726,1786209726,ok
1786209726,1786209726,ok
1786209726,1786209726,ok
1786209726,1786209726,ok
1786209726,1786209726,ok
1786209726,1786209726,ok
1786209727,1786209727,ok
1786209727,1786209727,ok
1786209727,1786209727,ok
1786209727,1786209727,ok
1786209727,1786209727,ok
1786209727,1786209727,ok
1786209728,1786209728,ok
1786209728,1786209728,ok
1786209728,1786209728,ok
1786209728,1786209728,ok
1786209728,1786209728,ok
1786209728,1786209728,ok
1786209728,1786209729,ok
1786209729,1786209729,ok
1786209729,1786209729,ok
1786209729,1786209729,ok
1786209729,1786209729,ok
1786209729,1786209729,ok
1786209729,1786209729,ok
1786209730,1786209730,ok
1786209730,1786209730,ok
1786209730,1786209730,ok
1786209730,1786209730,ok
1786209730,1786209730,ok
1786209730,1786209730,ok
1786209730,1786209730,ok
1786209731,1786209731,ok
1786209731,1786209731,ok
1786209731,1786209731,ok
1786209731,1786209731,ok
1786209731,1786209731,ok
1786209731,1786209731,ok
1786209732,1786209732,ok
1786209732,1786209732,ok
1786209732,1786209732,ok
1786209732,1786209732,ok
1786209732,1786209732,ok
1786209732,1786209732,ok
1786209733,1786209733,ok
1786209733,1786209733,ok
1786209733,1786209733,ok
1786209733,1786209733,ok
1786209733,1786209733,ok
1786209733,1786209733,ok
1786209733,1786209734,ok
1786209734,1786209734,ok
1786209734,1786209734,ok
1786209734,1786209734,ok
1786209734,1786209734,ok
1786209734,1786209734,ok
1786209734,1786209734,ok
1786209735,1786209735,ok
1786209735,1786209735,ok
1786209735,1786209735,ok
1786209735,1786209735,ok
1786209735,1786209735,ok
1786209735,1786209735,ok
1786209736,1786209736,ok
1786209736,1786209736,ok
1786209736,1786209736,ok
1786209736,1786209736,ok
1786209736,1786209736,ok
1786209736,1786209736,ok
1786209737,1786209737,ok
1786209737,1786209737,ok
1786209737,1786209737,ok
1786209737,1786209737,ok
1786209737,1786209737,ok
1786209737,1786209737,ok
1786209737,1786209737,ok
1786209738,1786209738,ok
1786209738,1786209738,ok
1786209738,1786209738,ok
1786209738,1786209738,ok
1786209738,1786209738,ok
1786209738,1786209738,ok
1786209738,1786209739,ok
1786209739,1786209739,ok
1786209739,1786209739,ok
1786209739,1786209739,ok
1786209739,1786209739,ok
1786209739,1786209739,ok
1786209739,1786209739,ok
1786209740,1786209740,ok
1786209740,1786209740,ok
1786209740,1786209740,ok
1786209740,1786209740,ok
1786209740,1786209740,ok
1786209740,1786209740,ok
1786209740,1786209741,ok
1786209741,1786209741,ok
1786209741,1786209741,ok
1786209741,1786209741,ok
1786209741,1786209741,ok
1786209741,1786209741,ok
1786209741,1786209741,ok
1786209742,1786209742,ok
1786209742,1786209742,ok
1786209742,1786209742,ok
1786209742,1786209742,ok
1786209742,1786209742,ok
1786209742,1786209742,ok
1786209742,1786209743,ok
1786209743,1786209743,ok
1786209743,1786209743,ok
1786209743,1786209743,ok
1786209743,1786209743,ok
1786209743,1786209743,ok
1786209744,1786209744,ok
1786209744,1786209744,ok
1786209744,1786209744,ok
1786209744,1786209744,ok
1786209744,1786209744,ok
1786209744,1786209744,ok
1786209744,1786209744,ok
1786209745,1786209745,ok
1786209745,1786209745,ok
1786209745,1786209745,ok
1786209745,1786209745,ok
1786209745,1786209745,ok
1786209745,1786209745,ok
1786209745,1786209746,ok
1786209746,1786209746,ok
1786209746,1786209746,ok
1786209746,1786209746,ok
1786209746,1786209746,ok
1786209746,1786209746,ok
1786209746,1786209746,ok
1786209747,1786209747,ok
1786209747,1786209747,ok
1786209747,1786209747,ok
1786209747,1786209747,ok
1786209747,1786209747,ok
1786209747,1786209747,ok
1786209747,1786209748,ok
1786209748,1786209748,ok
1786209748,1786209748,ok
1786209748,1786209748,ok
1786209748,1786209748,ok
1786209748,1786209748,ok
1786209748,1786209748,ok
1786209749,1786209749,ok
1786209749,1786209749,ok
1786209749,1786209749,ok
1786209749,1786209749,ok
1786209749,1786209749,ok
1786209749,1786209749,ok
1786209750,1786209750,ok
1786209750,1786209750,ok
1786209750,1786209750,ok
1786209750,1786209750,ok
1786209750,1786209750,ok
1786209750,1786209750,ok
1786209751,1786209751,ok
1786209751,1786209751,ok
1786209751,1786209751,ok
1786209751,1786209751,ok
1786209751,1786209751,ok
1786209751,1786209751,ok
1786209752,1786209752,ok
1786209752,1786209752,ok
1786209752,1786209752,ok
1786209752,1786209752,ok
1786209752,1786209752,ok
1786209752,1786209752,ok
1786209752,1786209752,ok
1786209753,1786209753,ok
1786209753,1786209753,ok
1786209753,1786209753,ok
1786209753,1786209753,ok
1786209753,1786209753,ok
1786209753,1786209753,ok
1786209754,1786209754,ok
1786209754,1786209754,ok
1786209754,1786209754,ok
1786209754,1786209754,ok
1786209754,1786209754,ok
1786209754,1786209754,ok
1786209754,1786209754,ok
1786209755,1786209755,ok
1786209755,1786209755,ok
1786209755,1786209755,ok
1786209755,1786209755,ok
1786209755,1786209755,ok
1786209755,1786209755,ok
1786209755,1786209756,ok
1786209756,1786209756,ok
1786209756,1786209756,ok
1786209756,1786209756,ok
1786209756,1786209756,ok
1786209756,1786209756,ok
1786209756,1786209757,ok
1786209757,1786209757,ok
1786209757,1786209757,ok
1786209757,1786209757,ok
1786209757,1786209757,ok
1786209757,1786209757,ok
1786209757,1786209757,ok
1786209758,1786209758,ok
1786209758,1786209758,ok
1786209758,1786209758,ok
1786209758,1786209758,ok
1786209758,1786209758,ok
1786209758,1786209758,ok
1786209758,1786209759,ok
1786209759,1786209759,ok
1786209759,1786209759,ok
1786209759,1786209759,ok
1786209759,1786209759,ok
1786209759,1786209759,ok
1786209759,1786209759,ok
1786209760,1786209760,ok
1786209760,1786209760,ok
1786209760,1786209760,ok
1786209760,1786209760,ok
1786209760,1786209760,ok
1786209760,1786209761,ok
1786209761,1786209761,ok
1786209761,1786209761,ok
1786209761,1786209761,ok
1786209761,1786209761,ok
1786209761,1786209761,ok
1786209761,1786209761,ok
1786209762,1786209762,ok
1786209762,1786209762,ok
1786209762,1786209762,ok
1786209762,1786209762,ok
1786209762,1786209762,ok
1786209762,1786209762,ok
1786209762,1786209763,ok
1786209763,1786209763,ok
1786209763,1786209763,ok
1786209763,1786209763,ok
1786209763,1786209763,ok
1786209763,1786209763,ok
1786209763,1786209763,ok
