t_start,t_end,status
1786561858,1786561858,ok
1786561859,1786561859,ok
1786561859,1786561859,ok
1786561859,1786561859,ok
1786561859,1786561859,ok
1786561859,1786561859,ok
1786561859,1786561860,ok
1786561860,1786561860,ok
1786561860,1786561860,ok
1786561860,1786561860,ok
1786561860,1786561860,ok
1786561860,1786561861,ok
1786561861,1786561861,ok
1786561861,1786561861,ok
1786561861,1786561861,ok
1786561861,1786561861,ok
1786561861,1786561861,ok
1786561861,1786561862,ok
1786561862,1786561862,ok
1786561862,1786561862,ok
1786561862,1786561862,ok
1786561862,1786561862,ok
1786561862,1786561862,ok
1786561862,1786561862,ok
1786561863,1786561863,ok
1786561863,1786561863,ok
1786561863,1786561863,ok
1786561863,1786561863,ok
1786561863,1786561863,ok
1786561863,1786561863,ok
1786561864,1786561864,ok
1786561864,1786561864,ok
1786561864,1786561864,ok
1786561864,1786561864,ok
1786561864,1786561864,ok
1786561864,1786561864,ok
1786561865,1786561865,ok
1786561865,1786561865,ok
1786561865,1786561865,ok
1786561865,1786561865,ok
1786561865,1786561865,ok
1786561866,1786561866,ok
1786561866,1786561866,ok
1786561866,1786561866,ok
1786561866,1786561866,ok
1786561866,1786561866,ok
1786561866,1786561866,ok
1786561867,1786561867,ok
1786561867,1786561867,ok
1786561867,1786561867,ok
1786561867,1786561867,ok
1786561867,1786561867,ok
1786561867,1786561868,ok
1786561868,1786561868,ok
1786561868,1786561868,ok
1786561868,1786561868,ok
1786561868,1786561868,ok
1786561868,1786561868,ok
1786561869,1786561869,ok
1786561869,1786561869,ok
1786561869,1786561869,ok
1786561869,1786561869,ok
1786561869,1786561869,ok
1786561869,1786561869,ok
1786561870,1786561870,ok
1786561870,1786561870,ok
1786561870,1786561870,ok
1786561870,1786561870,ok
1786561870,1786561870,ok
1786561870,1786561871,ok
1786561871,1786561871,ok
1786561871,1786561871,ok
1786561871,1786561871,ok
1786561871,1786561871,ok
1786561872,1786561872,ok
1786561872,1786561872,ok
1786561872,1786561873,ok
1786561873,1786561873,ok
1786561873,1786561874,ok
1786561874,1786561875,ok
1786561875,1786561875,ok
1786561876,1786561876,ok
1786561876,1786561877,ok
1786561877,1786561878,ok
1786561878,1786561878,ok
1786561878,1786561879,ok
1786561879,1786561880,ok
1786561880,1786561880,ok
1786561881,1786561881,ok
1786561881,1786561882,ok
1786561882,1786561883,ok
1786561883,1786561883,ok
1786561883,1786561884,ok
1786561884,1786561885,ok
1786561885,1786561886,ok
1786561886,1786561886,ok
1786561886,1786561887,ok
1786561887,1786561889,ok
1786561889,1786561890,ok
1786561890,1786561892,ok
1786561892,1786561894,fail
1786561894,1786561896,ok
1786561896,1786561898,fail
1786561898,1786561900,ok
1786561900,1786561902,ok
1786561902,1786561904,fail
1786561904,1786561906,fail
1786561906,1786561908,fail
1786561908,1786561910,fail
1786561910,1786561912,fail
1786561912,1786561914,fail
1786561914,1786561916,fail
1786561916,1786561918,fail
1786561918,1786561920,fail
1786561920,1786561922,fail
1786561923,1786561925,fail
1786561925,1786561927,fail
1786561927,1786561929,fail
1786561929,1786561931,fail
1786561931,1786561933,fail
1786561933,1786561935,fail
1786561935,1786561935,ok
1786561935,1786561936,ok
1786561936,1786561936,ok
1786561936,1786561936,ok
1786561936,1786561936,ok
1786561936,1786561936,ok
1786561936,1786561936,ok
1786561937,1786561937,ok
1786561937,1786561937,ok
1786561937,1786561937,ok
1786561937,1786561937,ok
1786561937,1786561937,ok
1786561937,1786561937,ok
1786561938,1786561938,ok
1786561938,1786561938,ok
1786561938,1786561938,ok
1786561938,1786561938,ok
1786561938,1786561938,ok
1786561938,1786561938,ok
1786561939,1786561939,ok
1786561939,1786561939,ok
1786561939,1786561939,ok
1786561939,1786561939,ok
1786561939,1786561939,ok
1786561939,1786561940,ok
1786561940,1786561940,ok
1786561940,1786561940,ok
1786561940,1786561940,ok
1786561940,1786561940,ok
1786561940,1786561940,ok
1786561941,1786561941,ok
1786561941,1786561941,ok
1786561941,1786561941,ok
1786561941,1786561941,ok
1786561941,1786561941,ok
1786561941,1786561941,ok
1786561942,1786561942,ok
1786561942,1786561942,ok
1786561942,1786561942,ok
1786561942,1786561942,ok
1786561942,1786561942,ok
1786561942,1786561942,ok
1786561942,1786561943,ok
1786561943,1786561943,ok
1786561943,1786561943,ok
1786561943,1786561943,ok
1786561943,1786561943,ok
1786561943,1786561943,ok
1786561943,1786561944,ok
1786561944,1786561944,ok
1786561944,1786561944,ok
1786561944,1786561944,ok
1786561944,1786561944,ok
1786561945,1786561945,ok
1786561945,1786561945,ok
1786561945,1786561945,ok
1786561945,1786561945,ok
1786561945,1786561945,ok
1786561945,1786561946,ok
1786561946,1786561946,ok
1786561946,1786561946,ok
1786561946,1786561946,ok
1786561946,1786561946,ok
1786561946,1786561946,ok
1786561947,1786561947,ok
1786561947,1786561947,ok
1786561947,1786561947,ok
1786561947,1786561947,ok
1786561947,1786561947,ok
1786561947,1786561947,ok
1786561948,1786561948,ok
1786561948,1786561948,ok
1786561948,1786561948,ok
1786561948,1786561948,ok
1786561948,1786561948,ok
1786561948,1786561948,ok
1786561949,1786561949,ok
1786561949,1786561949,ok
1786561949,1786561949,ok
1786561949,1786561949,ok
1786561949,1786561949,ok
1786561949,1786561949,ok
1786561950,1786561950,ok
1786561950,1786561950,ok
1786561950,1786561950,ok
1786561950,1786561950,ok
1786561950,1786561950,ok
1786561950,1786561950,ok
1786561951,1786561951,ok
1786561951,1786561951,ok
1786561951,1786561951,ok
1786561951,1786561951,ok
1786561951,1786561951,ok
1786561951,1786561951,ok
1786561952,1786561952,ok
1786561952,1786561952,ok
1786561952,1786561952,ok
1786561952,1786561952,ok
1786561952,1786561952,ok
1786561952,1786561952,ok
1786561953,1786561953,ok
1786561953,1786561953,ok
1786561953,1786561953,ok
1786561953,1786561953,ok
1786561953,1786561953,ok
1786561953,1786561953,ok
1786561954,1786561954,ok
1786561954,1786561954,ok
1786561954,1786561954,ok
1786561954,1786561954,ok
1786561954,1786561954,ok
1786561954,1786561954,ok
1786561955,1786561955,ok
1786561955,1786561955,ok
1786561955,1786561955,ok
1786561955,1786561955,ok
1786561955,1786561956,ok
1786561956,1786561956,ok
1786561956,1786561956,ok
1786561956,1786561956,ok
1786561956,1786561956,ok
1786561956,1786561957,ok
1786561957,1786561957,ok
1786561957,1786561957,ok
